Panini (DaBaby Remix) - Lil Nas X & DaBaby,Panini (DaBaby Remix),Lil Nas X & DaBaby,2:31,Panini (DaBaby Remix) - Single,Hip-Hop/Rap,0,3,"1/16/20, 7:30 PM"
Gravy For Pope - Yung Gravy,Gravy For Pope,Yung Gravy,2:56,Sensational,Hip-Hop/Rap,0,2,"1/14/20, 6:11 AM"
Buttered Up (feat. Juicy J) - Yung Gravy,Buttered Up (feat. Juicy J),Yung Gravy,2:50,Sensational,Hip-Hop/Rap,0,2,"1/14/20, 6:11 AM"
Magic - Yung Gravy,Magic,Yung Gravy,2:58,Sensational,Hip-Hop/Rap,0,3,"1/14/20, 6:11 AM"
Daddy Aioli Interlude - Yung Gravy,Daddy Aioli Interlude,Yung Gravy,1:25,Sensational,Hip-Hop/Rap,0,3,"1/14/20, 6:11 AM"
Gravy Train - Yung Gravy,Gravy Train,Yung Gravy,2:50,Sensational,Hip-Hop/Rap,0,5,"1/14/20, 6:11 AM"
Alley Oop (feat. Lil Baby) - Yung Gravy,Alley Oop (feat. Lil Baby),Yung Gravy,2:32,Sensational,Hip-Hop/Rap,0,4,"1/14/20, 6:11 AM"
Richard Simmons - Yung Gravy,Richard Simmons,Yung Gravy,2:23,Sensational,Hip-Hop/Rap,0,3,"1/14/20, 6:11 AM"
Pizzazz - Yung Gravy,Pizzazz,Yung Gravy,2:46,Sensational,Hip-Hop/Rap,0,3,"1/14/20, 6:11 AM"
1 Thot 2 Thot Red Thot Blue Thot - Yung Gravy,1 Thot 2 Thot Red Thot Blue Thot,Yung Gravy,2:11,Sensational,Hip-Hop/Rap,0,2,"1/14/20, 6:11 AM"
Whip a Tesla - Yung Gravy & bbno$,Whip a Tesla,Yung Gravy & bbno$,2:34,Sensational,Hip-Hop/Rap,0,4,"1/14/20, 6:11 AM"
E.T. - Yung Gravy & LIL MAYO,E.T.,Yung Gravy & LIL MAYO,1:45,Sensational,Hip-Hop/Rap,0,3,"1/14/20, 6:11 AM"
Charlene - Yung Gravy & MIA GLADSTONE,Charlene,Yung Gravy & MIA GLADSTONE,2:41,Sensational,Hip-Hop/Rap,0,3,"1/14/20, 6:11 AM"
"The Boys Are Back in Town - Yung Gravy, Pouya, Ramirez & TrippythaKid",The Boys Are Back in Town,"Yung Gravy, Pouya, Ramirez & TrippythaKid",2:28,Sensational,Hip-Hop/Rap,0,3,"1/14/20, 6:11 AM"
iunno - Yung Gravy & bbno$,iunno,Yung Gravy & bbno$,2:38,iunno - Single,Hip-Hop,0,6,"1/12/20, 2:27 PM"
Cheryl - Yung Gravy,Cheryl,Yung Gravy,2:49,Cheryl - Single,Hip-Hop/Rap,0,3,"1/9/20, 11:02 PM"
Deadbeat - TMG,Deadbeat,TMG
